acousticness,danceability,energy,instrumentalness,liveness,speechiness,tempo,valence,label,filename
0.9997401237487793,0.9689920883784076,0.22389043867588043,1765.9534044041936,1609.7925540156448,0.031007911621592426,129.19921875,0.47687017132423865,hiphop,1000 Handz - Achilles.mp3
0.9998641610145569,0.9810164932533032,0.3515641391277313,1697.2739180632948,1166.5889072091036,0.018983506746696823,139.6748310810811,0.40734803933592545,hiphop,1000 Handz - Ambition.mp3
0.9995781779289246,0.922871604044754,0.2640118896961212,2803.1729745633447,2764.276873471117,0.07712839595524602,99.38401442307692,0.49650682959461473,hiphop,1000 Handz - Archangel.mp3
0.9997299313545227,0.9592099157466846,0.29426509141921997,2265.264887703481,2080.9394962777874,0.04079008425331546,123.046875,0.4787946704643426,hiphop,1000 Handz - Around.mp3
0.9993032813072205,0.9414747170588292,0.21897491812705994,2958.073691948305,2797.0781146725963,0.05852528294117072,97.50884433962264,0.4860129164566502,hiphop,1000 Handz - Beach Club.mp3
0.9997069239616394,0.9470371541457736,0.1766953319311142,2359.9714799173908,2445.6247499127453,0.05296284585422636,107.666015625,0.5089118253886842,hiphop,1000 Handz - Bengal.mp3
0.9998494386672974,0.9711461364186492,0.3829810619354248,2606.136826535506,2230.7232964420364,0.028853863581350774,84.72079918032787,0.4611924346093399,hiphop,1000 Handz - Boomy.mp3
0.9998108148574829,0.9714907377349657,0.3516281247138977,2115.246416283242,1737.35062512132,0.028509262265034273,151.99908088235293,0.4509557075392886,hiphop,1000 Handz - Break Bread.mp3
0.9998735785484314,0.9551640511306392,0.15534871816635132,1630.4159072023863,1771.056140664322,0.0448359488693608,122.28260869565217,0.5206734364477277,hiphop,1000 Handz - Brick The Switch.mp3
0.9998403787612915,0.9606923584116578,0.22036732733249664,1911.3096707384273,1683.3844094409753,0.039307641588342226,105.46875,0.4682969875669266,hiphop,1000 Handz - Call me.mp3
0.9996802806854248,0.946596702907129,0.361238956451416,2390.106390615761,2244.889129024835,0.05340329709287096,161.4990234375,0.48433469224034376,hiphop,1000 Handz - Cheat Code.mp3
0.9998615384101868,0.9741413026362605,0.32930469512939453,2310.2388264147967,1775.3297047578392,0.025858697363739518,93.96306818181819,0.4345367580491299,hiphop,1000 Handz - Circuit.mp3
0.9998218417167664,0.9651691810344828,0.07092958688735962,1813.933920033014,1494.4438515352924,0.03483081896551724,97.50884433962264,0.4517149957681979,hiphop,1000 Handz - Cocoon.mp3
0.9982139468193054,0.9470719586638572,0.2437761425971985,2792.6801396720225,2611.56150215856,0.05292804133614279,109.95678191489361,0.483242918203543,hiphop,1000 Handz - Kimura.mp3
0.9998863339424133,0.9761061731055827,0.46454527974128723,2049.2887983461355,1544.8393946596618,0.02389382689441737,178.20581896551724,0.42982312017587704,hiphop,1000 Handz - Mastery.mp3
0.9999635219573975,0.9797370293732048,0.4307379126548767,2209.8847268921318,1631.672928055873,0.020262970626795194,120.18531976744185,0.42474253263633893,hiphop,1000 Handz - Predator.mp3
0.996631920337677,0.9651069976933588,0.07494047284126282,2800.1477850364213,2310.5975184565004,0.03489300230664119,95.703125,0.4521057851239865,hiphop,1000 Handz - Survival.mp3
0.9998713731765747,0.9744996845265723,0.19365204870700836,1927.0465418381164,1391.0902684255925,0.02550031547342771,107.666015625,0.41923837007064135,hiphop,1000 Handz - Trees Grow Silent.mp3
0.9998705983161926,0.9600089883846883,0.13003496825695038,2097.1247710146854,1706.9893370485263,0.03999101161531166,161.4990234375,0.4487219068906647,hiphop,1000 Handz - Trigger.mp3
0.9990541934967041,0.9690565659075563,0.1729307621717453,2476.7158835109435,1910.5515648131677,0.030943434092443666,120.18531976744185,0.4354764296640956,hiphop,"A. Cooper - 1,440 Minutes.mp3"
0.9944940209388733,0.9340030312527613,0.1366874724626541,4219.736564861523,3931.726831625927,0.06599696874723866,126.04801829268293,0.4823338632469128,hiphop,A. Cooper - 23.mp3
0.998670756816864,0.9682242491570731,0.20725928246974945,2725.8048505547454,2215.760587026291,0.03177575084292694,117.45383522727273,0.44839244052640603,hiphop,A. Cooper - Clarity.mp3
0.9967355728149414,0.9548439508751978,0.19591546058654785,2911.7688285675194,2609.67202135613,0.045156049124802214,132.51201923076923,0.4726432994242025,hiphop,A. Cooper - Punching Walls.mp3
0.9990301132202148,0.984014191345787,0.20200246572494507,3327.4761347536164,2392.9222496727198,0.015985808654212993,126.04801829268293,0.41831391599736933,hiphop,A. Cooper - Status Quo.mp3
0.9998467564582825,0.9770469603767539,0.16548103094100952,1157.1858978213806,841.4503142669952,0.022953039623246088,156.60511363636363,0.42101224262656134,hiphop,Acid Stars (Downtempo ChillHop LoFi).mp3.mp3
0.9702887535095215,0.8818668621984908,0.12097137421369553,4408.264362600583,5434.7106876498265,0.11813313780150923,112.34714673913044,0.5521410609447215,hiphop,Anthem of Rain - Lost Without You (Instrumental).mp3
0.9962396025657654,0.919036461626888,0.17198453843593597,3505.73785130054,3692.609653896268,0.08096353837311195,99.38401442307692,0.5129801875663029,hiphop,Beat Mekanik - Trapeze II.mp3
0.9997960925102234,0.97555322190799,0.18051250278949738,1275.6072327697439,966.5691562356277,0.024446778092010044,161.4990234375,0.43108524402636855,hiphop,Catchy History (Downtempo Electronic Hip Hop).mp3.mp3
0.9999176859855652,0.9310381868009281,0.24567578732967377,3034.0890706984947,3020.094699217606,0.06896181319907187,126.04801829268293,0.4988442395366228,hiphop,Chris Wolverine Matthew - BACK TO LIFE.mp3
0.9997604489326477,0.9221448851368858,0.26414763927459717,3126.5936763538466,3219.699671097593,0.07785511486311426,92.28515625,0.5073354625000486,hiphop,Chris Wolverine Matthew - BIG BANK.mp3
0.999918520450592,0.9313445051918109,0.23554712533950806,2953.2879580388144,2953.3242019830145,0.06865549480818907,90.66611842105263,0.5000030679976281,hiphop,Chris Wolverine Matthew - CRASHOUT.mp3
0.9998956918716431,0.9258361696494352,0.20942574739456177,3265.725623854047,3261.6518108997993,0.07416383035056483,135.99917763157896,0.4996879440484065,hiphop,Chris Wolverine Matthew - For the love of money.mp3
0.9999451637268066,0.9506283384990768,0.23507589101791382,2500.00036879045,2343.734877307363,0.04937166150092324,161.4990234375,0.48386931938768585,hiphop,Chris Wolverine Matthew - LOOSE LIPS.mp3
0.9999483823776245,0.9492041736822603,0.2821542024612427,2977.4515139950954,2696.5458172965996,0.05079582631773975,143.5546875,0.4752462257869057,hiphop,Chris Wolverine Matthew - MONEY MAN.mp3
0.9999397397041321,0.9450157089409056,0.3769698143005371,3174.058591595562,3012.998065611205,0.0549842910590944,99.38401442307692,0.48698407531384735,hiphop,Chris Wolverine Matthew - Prayer.mp3
0.9999123811721802,0.9333741416958673,0.17403145134449005,2852.5116968617945,2837.891479728063,0.06662585830413274,143.5546875,0.4987153618401496,hiphop,Chris Wolverine Matthew - SUPERHUMAN.mp3
0.9999487996101379,0.9516458921801829,0.34815189242362976,3137.174881145495,2927.849542729062,0.04835410781981714,123.046875,0.48274324019554443,hiphop,Chris Wolverine Matthew - TRUE COLORS.mp3
0.9999163746833801,0.9350352833554351,0.29869455099105835,3070.983785522787,3061.4476463531705,0.06496471664456496,89.10290948275862,0.4992224829356841,hiphop,Chris Wolverine Matthew - WHATEVER I PLEASE.mp3
0.9998228549957275,0.9812799854953883,0.06488943099975586,1015.7364820429156,704.9427044007044,0.018720014504611724,92.28515625,0.40968863315422804,hiphop,Cool Chill Relaxed Acid Jazz RnB Hip Hop.mp3.mp3
0.9996865391731262,0.9828659200934787,0.08918004482984543,1106.6592000185985,690.2145034617796,0.017134079906521223,90.66611842105263,0.3841196527840428,hiphop,Cool Chill Relaxed Hip Hop.mp3.mp3
0.9993653297424316,0.9794098369185734,0.16596317291259766,1941.406871636879,1178.711310111443,0.020590163081426575,87.5926906779661,0.3777777766972878,hiphop,Cool Evening (Indie Pop Lo Fi Hip Hop).mp3.mp3
0.9998791813850403,0.9847990818155764,0.14806266129016876,1171.4996669466072,618.0158773133337,0.015200918184423545,143.5546875,0.34535373495375926,hiphop,Cool Wings (Relaxing Ambient Lo Fi Hip Hop).mp3.mp3
0.9997113347053528,0.98651740543021,0.1384839415550232,2349.9730849767425,1250.5322577363202,0.013482594569789924,147.65625,0.34732131697010465,hiphop,Dreamy Coffee (Romantic Sensual LoFi Hip Hop).mp3.mp3
0.9998444318771362,0.973881561581895,0.16908694803714752,1179.8181782864237,965.5793730923866,0.02611843841810503,151.99908088235293,0.45007013829290293,hiphop,Elegant Spirit (Jazzy Electronic Chill Hip Hop).mp3.mp3
0.9994972348213196,0.9692201345277013,0.12354698032140732,2067.7346089215525,1473.5719742775768,0.030779865472298693,178.20581896551724,0.4161096869874165,hiphop,Fresh Flowers (Funky Jazzy Electronic Lo Fi Hip Hop).mp3.mp3
0.9880636930465698,0.9378912945839926,0.1216358169913292,2354.4918406723814,2161.4176373749146,0.06210870541600738,166.70866935483872,0.4786228881254946,hiphop,Fresh Vibes (Groovy Funky Hip Hop).mp3.mp3
0.9933496713638306,0.9419983746677576,0.0668058842420578,3216.914618726626,2876.2551367036417,0.058001625332242436,172.265625,0.47204579089040816,hiphop,G'Odd - Lows and Highs.mp3
0.9990178346633911,0.9415125199797756,0.23980319499969482,3457.652008171442,2915.964661002414,0.05848748002022443,147.65625,0.45750549678458674,hiphop,GeoGenLabel - Вечный двигатель _ Perpetual motion machine.mp3
0.9998440742492676,0.9574651677524842,0.202278271317482,3021.434198927867,2395.2618676997427,0.04253483224751572,120.18531976744185,0.4421997907571013,hiphop,GeoGenLabel - Картограф _ The Cartographer.mp3
0.999732494354248,0.9609849139486718,0.3102397918701172,3428.305650042823,2693.105069428446,0.03901508605132818,132.51201923076923,0.43994843548434726,hiphop,GeoGenLabel - Лабиринт _ The Labyrinth BASS BOOSTED.mp3
0.9994179606437683,0.9383413481559835,0.19013921916484833,3577.836384370019,3206.3557775266913,0.061658651844016525,132.51201923076923,0.4726216033594254,hiphop,GeoGenLabel - Лабиринт _ The Labyrinth.mp3
0.9998607635498047,0.9651320662938329,0.20943184196949005,3069.8351127935052,2352.284784423853,0.034867933706167184,143.5546875,0.43383120044933315,hiphop,GeoGenLabel - Марионетки _ Marionettes ver2.0.mp3
0.9977496862411499,0.9600846171206658,0.20093214511871338,3372.6635722291726,2546.3874348670233,0.039915382879334216,143.5546875,0.4302019751787954,hiphop,GeoGenLabel - Последний Караван _ The Last Caravan.mp3
0.9979914426803589,0.9443083360518821,0.16363948583602905,3506.125772921737,2964.511218038596,0.055691663948117906,120.18531976744185,0.45814828149407166,hiphop,GeoGenLabel - Последняя игра _ Last Game.mp3
0.9998238682746887,0.9623164197190127,0.2099209427833557,2744.9353622565277,2082.9330268632066,0.037683580280987235,184.5703125,0.43143947981803793,hiphop,GeoGenLabel - Реквием по Сверчку _ Requiem for a Cricket.mp3
0.9997221827507019,0.9288652105032029,0.21631170809268951,3618.4418711689377,3367.180201080965,0.07113478949679707,151.99908088235293,0.48201579841757175,hiphop,GeoGenLabel - Стена Страха _ The wall of FEAR.mp3
0.999891459941864,0.9712690125765082,0.2255401462316513,2821.835341361632,1830.4312005950092,0.028730987423491765,77.1338619402985,0.39344933994940895,hiphop,GeoGenLabel - Царь Пыли _ The King of Dust ver1.0.mp3
0.9996047616004944,0.9593314033231445,0.21218930184841156,3323.362331860441,2568.360551246991,0.04066859667685555,126.04801829268293,0.4359269099663511,hiphop,GeoGenLabel - Царь Пыли _ The King of Dust ver2.0.mp3
0.9991947412490845,0.9437249097917554,0.13641361892223358,3737.143501793191,3182.9110814687756,0.05627509020824457,161.4990234375,0.45995462069151255,hiphop,GeoGenLabel - Цена Молчания _ The Price of Silence.mp3
0.9941690564155579,0.9674923208672483,0.2025548219680786,2350.4157412541676,1752.1130271854743,0.032507679132751634,161.4990234375,0.4270812285917967,hiphop,Joseph Sacco - Awake In The Darkness.mp3
0.9770874977111816,0.966947959938113,0.22335413098335266,2977.2107795242873,2279.8855483615957,0.033052040061887,90.66611842105263,0.433677719739399,hiphop,Joseph Sacco - Back Seat Driver.mp3
0.9999690055847168,0.9771997547034301,0.1998649686574936,2042.0879737004327,1399.5859783254084,0.022800245296569897,110.29411764705883,0.4066585032248405,hiphop,Joseph Sacco - Chillax.mp3
0.991683304309845,0.9514940352820032,0.12909331917762756,3035.103540193936,2669.6506519593045,0.0485059647179968,99.38401442307692,0.467969444706904,hiphop,Joseph Sacco - Culture Vultures.mp3
0.9869417548179626,0.9652290932942801,0.22478659451007843,3591.8454394704772,2621.1888991390056,0.03477090670571995,120.18531976744185,0.4218854678507634,hiphop,Joseph Sacco - Dreams Forecast.mp3
0.9999775290489197,0.9696961935464438,0.18934586644172668,2101.4961708107635,1557.2573453225848,0.03030380645355621,86.1328125,0.4256251037491872,hiphop,Joseph Sacco - Funky Beat.mp3
0.9924677610397339,0.9545528085986573,0.20552022755146027,2892.1501233210347,2430.3685037013297,0.04544719140134265,156.25,0.45662000897578026,hiphop,Joseph Sacco - Hip Hop Dubs.mp3
0.9865590333938599,0.9543748452864654,0.16981031000614166,2710.224792421207,2148.367347458857,0.04562515471353455,120.18531976744185,0.4421789862504719,hiphop,Joseph Sacco - Industry Happy Go.mp3
0.981183648109436,0.9043747379041043,0.15134651958942413,3481.8468155379637,3545.9810867615947,0.09562526209589578,103.359375,0.5045628799613547,hiphop,Joseph Sacco - Kooksy.mp3
0.9879804849624634,0.9617121071638444,0.23361492156982422,3319.0342966831086,2650.89724831008,0.038287892836155614,151.99908088235293,0.4440414815290923,hiphop,Joseph Sacco - McDubs.mp3
0.9986173510551453,0.960950743008328,0.24027684330940247,3124.939249286137,2422.3953261734487,0.039049256991672096,156.60511363636363,0.43667734346744,hiphop,Joseph Sacco - Night Owl.mp3
0.9906439781188965,0.9371468502562608,0.1717994213104248,4723.537321036399,3997.7051315357503,0.06285314974373926,172.265625,0.45838711087527706,hiphop,Joseph Sacco - Rap Beat [On Fire].mp3
0.9960706830024719,0.9299801659920772,0.1336786448955536,3861.293694595468,3502.231873198831,0.07001983400792283,74.89809782608695,0.47561889212972275,hiphop,Joseph Sacco - String Theory.mp3
0.992347240447998,0.9595394044612795,0.18347299098968506,3036.6393383694767,2411.8297964369317,0.040460595538720535,135.99917763157896,0.4426619177461791,hiphop,Joseph Sacco - The Day I See You.mp3
0.9973417520523071,0.9864813112745098,0.2400325983762741,1187.5998466328422,630.3728397045809,0.013518688725490197,79.50721153846153,0.34674494512225923,hiphop,Ketsa - Aligning Frequencies.mp3
0.9995734691619873,0.9545244640587345,0.19578580558300018,2828.681160993724,2189.1364905413525,0.0454755359412655,105.46875,0.4362726272915413,hiphop,Ketsa - All Ways.mp3
0.9997938275337219,0.966319544728127,0.19472473859786987,1881.4511672326607,1392.739852902928,0.03368045527187308,89.10290948275862,0.4253691503985262,hiphop,Ketsa - Appointments.mp3
0.9975625276565552,0.9717603593051553,0.21724486351013184,2579.456498417642,1710.8855173775482,0.028239640694844723,178.20581896551724,0.39877602081140134,hiphop,Ketsa - Bring Dat.mp3
0.9951037168502808,0.9582825692202632,0.1742420196533203,2232.236651551599,1667.3780891943113,0.041717430779736775,86.1328125,0.4275750810316723,hiphop,Ketsa - Can t Miss.mp3
0.9975416660308838,0.96338784375,0.22201409935951233,3153.992841535643,2230.1676386353524,0.03661215625,117.45383522727273,0.41420898326387096,hiphop,Ketsa - Gaslights.mp3
0.9963485598564148,0.9495224302073929,0.2121429294347763,3393.090693458324,2408.8768122259507,0.05047756979260704,79.50721153846153,0.41518274782662173,hiphop,Ketsa - Home Sigh.mp3
0.9945632219314575,0.9612156837912701,0.2287399172782898,2891.845556129357,2120.1384204964334,0.03878431620872992,123.046875,0.4230138065007855,hiphop,Ketsa - Jazz Daze.mp3
0.9911853671073914,0.9676570226298508,0.1925593763589859,2131.4091217948294,1522.286297858034,0.032342977370149205,139.6748310810811,0.416642911517245,hiphop,Ketsa - Journal.mp3
0.999845564365387,0.9749685579354775,0.22514936327934265,1518.5408667650954,1073.0179784174081,0.025031442064522423,161.4990234375,0.4140434549645738,hiphop,Ketsa - Make Me Sad.mp3
0.9995365738868713,0.9759074701363812,0.22543169558048248,2602.55869921885,1658.4450514779587,0.02409252986361878,112.34714673913044,0.3892146423991144,hiphop,Ketsa - Protect.mp3
0.9978540539741516,0.9714529669521137,0.21211108565330505,1970.5164001652604,1429.810891086888,0.028547033047886312,74.89809782608695,0.4204921374318286,hiphop,Ketsa - Shining Still.mp3
0.9999421834945679,0.9784048184011821,0.23214328289031982,1899.5089699062357,1081.0067380010214,0.021595181598817875,120.18531976744185,0.36269117279618357,hiphop,Ketsa - Sun Slides.mp3
0.9996015429496765,0.9715512420206779,0.22475101053714752,2145.3180578645447,1576.429531668801,0.0284487579793221,126.04801829268293,0.4235723926250707,hiphop,Ketsa - Take Me Up.mp3
0.9997590184211731,0.975322631522878,0.21724645793437958,2220.030814713774,1457.0532743930328,0.024677368477122038,151.99908088235293,0.3962523670082047,hiphop,Ketsa - The Cure.mp3
0.99795001745224,0.9648540973478485,0.21853365004062653,2441.8979574947084,1769.2732037762546,0.035145902652151444,89.10290948275862,0.4201380413191603,hiphop,Ketsa - Therapy.mp3
0.9892696142196655,0.9649882075662668,0.22464804351329803,2578.4909032508945,1807.877826294025,0.03501179243373322,178.20581896551724,0.41215819675730536,hiphop,Ketsa - To Come Home.mp3
0.9998008012771606,0.9642153555438971,0.18332530558109283,2000.9996081531438,1463.8582360747534,0.03578464445610288,112.34714673913044,0.42248724232392565,hiphop,Ketsa - World's A Stage.mp3
0.9983092546463013,0.9498266086215034,0.19675999879837036,2953.411259126622,2477.5688376169037,0.050173391378496655,135.99917763157896,0.45619184622795594,hiphop,Lightning Traveler - Overload.mp3.mp3
0.9994537234306335,0.9456063251750914,0.1976037472486496,3533.2830215058375,3000.1082865177345,0.05439367482490865,175.78125,0.45919617310754746,hiphop,LOPKERJO - Cuddle Convention - Lopkerjo 902.mp3
0.9975844025611877,0.9185325155378501,0.20358151197433472,4104.431228303299,4101.214914321471,0.08146748446214991,95.703125,0.4998040181769033,hiphop,LOPKERJO - International Triphop 2025.mp3
0.9921585321426392,0.885763587110647,0.23939217627048492,4545.617404008775,4812.506882909932,0.11423641288935302,139.6748310810811,0.514259774164664,hiphop,LOPKERJO - No Kings Epstein Skibidi.mp3
0.9947781562805176,0.907862986274017,0.21270500123500824,4050.3782940672927,4529.300809022652,0.09213701372598303,112.5,0.5279102812672246,hiphop,LOPKERJO - No Kings Hip Hop EDM.mp3
0.991730272769928,0.9173067005238781,0.23568250238895416,4510.9971944768695,4262.314712535473,0.08269329947612196,123.046875,0.4858273314827502,hiphop,LOPKERJO - Rise Up Korea - NO TYRANTS GGG.mp3
0.998725950717926,0.931502477909176,0.15943212807178497,3157.6076024271174,3135.484883031761,0.06849752209082405,144.23076923076923,0.49824230134524805,hiphop,LOPKERJO - Rising from the Ashes.mp3
0.9997441172599792,0.9936550493836361,0.2760428190231323,975.8806892301513,416.15019939995193,0.006344950616363892,119.68085106382979,0.29895184259203705,hiphop,Lowtone Music - Coffee Time - Chillout Relax Lofi.mp3
0.9993178248405457,0.9913153369911547,0.22390323877334595,1067.2570806557546,494.70031073814766,0.008684663008845349,119.68085106382979,0.31671818523804623,hiphop,Lowtone Music - Coffee Time 1 Min Version - Chill Calm Lofi.mp3
0.9996141195297241,0.993573023694527,0.28395819664001465,1076.1489892337595,448.7801159091074,0.006426976305472994,119.68085106382979,0.29429572437255475,hiphop,Lowtone Music - Coffee Time Medium - Lounge Lofi Chill.mp3
0.9951732158660889,0.9286307728849967,0.1100664809346199,3762.905305065183,3389.968429930525,0.0713692271150033,156.60511363636363,0.47393097586373484,hiphop,LUTANT SAVAGE - Leather Man Jacket.mp3
0.9910120964050293,0.9590307556756652,0.25063639879226685,2561.2521067613975,2145.914222894513,0.040969244324334776,126.04801829268293,0.45588238701467226,hiphop,MOHMOHRAP - Afforestation.mp3
0.9917637705802917,0.9671821424660714,0.19447247684001923,2160.9204664580234,1652.6426707257122,0.032817857533928664,69.83741554054055,0.4333592000033877,hiphop,MOHMOHRAP - Claire.mp3
0.9926219582557678,0.9784531927865165,0.2706752121448517,1909.3287194998213,1370.830708221503,0.021546807213483444,93.96306818181819,0.41791587817909265,hiphop,MOHMOHRAP - Dollarz.mp3
0.9755630493164062,0.9672087776775609,0.3820980191230774,2707.47108382918,2073.8472184573943,0.03279122232243916,90.66611842105263,0.4337396272136655,hiphop,MOHMOHRAP - Fame.mp3
0.9896730780601501,0.9531815836706939,0.1356848180294037,2227.239749456626,2025.8671317496228,0.04681841632930609,69.83741554054055,0.4763264098123788,hiphop,MOHMOHRAP - Keen.mp3
0.983165979385376,0.956219650128799,0.2526873052120209,2786.254064943064,2363.0381489056413,0.04378034987120108,139.6748310810811,0.45890542822399744,hiphop,MOHMOHRAP - Slide.mp3
0.9972976446151733,0.9806096014299339,0.1943035125732422,2294.7635496869207,1707.8357037672047,0.019390398570066053,109.95678191489361,0.4266816623889366,hiphop,MOHMOHRAP - Trainer.mp3
0.9990735054016113,0.9519939463941729,0.2251058667898178,2789.3757627242535,2409.753503282065,0.04800605360582711,139.6748310810811,0.46349174631497697,hiphop,MOHMOHRAP - Xiao.mp3
0.9982700943946838,0.9755436150457956,0.18705156445503235,2252.6615153615785,1610.588367584245,0.024456384954204487,92.28515625,0.4168998682371619,hiphop,Nature Connection - Lagrange Points.mp3
0.999535083770752,0.9532822632622839,0.28264757990837097,2783.316233818523,2446.284067784384,0.04671773673771602,84.72079918032787,0.46777648887751616,hiphop,Nature Connection - My Head Is Broken.mp3
0.9958806037902832,0.9633764606837663,0.13637256622314453,2180.161954466966,1791.0716789549624,0.0366235393162338,95.703125,0.4510114095102036,hiphop,Nature Connection - That Small Pond.mp3
0.9933162331581116,0.9239449477004892,0.15346123278141022,2964.8443796576285,2898.881890186899,0.07605505229951082,95.703125,0.4943753777526496,hiphop,Pamela Yuen - This Is The Way U Do It.mp3
0.9891074299812317,0.94361569637227,0.05587916448712349,3607.0224832419945,3083.3314428293816,0.05638430362772993,129.19921875,0.4608622318698577,hiphop,pat102 - deep beat.mp3
0.9996750354766846,0.976949995357856,0.2245694249868393,2588.3473090795087,1424.25909541258,0.02305000464214397,79.50721153846153,0.354946125157749,hiphop,PulseBox - Ambient Beat.mp3
0.9979106187820435,0.9769176439273006,0.1906995326280594,2894.6035969329223,1851.6747803151848,0.023082356072699355,92.28515625,0.3901319376464079,hiphop,PulseBox - Ambient Hip-Hop.mp3
0.9993360638618469,0.9856098868201484,0.15513116121292114,923.8259124526769,637.0022493999693,0.01439011317985167,79.50721153846153,0.4081181161132771,hiphop,Pumpupthemind - A Lot of Intimacy.mp3
0.9996617436408997,0.9742441081484435,0.2061322182416916,2412.89654819669,1743.89748459947,0.025755891851556457,90.66611842105263,0.4195294427438515,hiphop,Pumpupthemind - Abstract Dreams.mp3
0.9989756345748901,0.8913365669995155,0.23049767315387726,3521.367768185554,4036.0466931587644,0.10866343300048456,95.703125,0.5340512569833014,hiphop,Pumpupthemind - Action.mp3
0.9997003674507141,0.9645668475488617,0.23973698914051056,1832.1792695079653,1448.5037019771116,0.03543315245113832,161.4990234375,0.44152504649965857,hiphop,Pumpupthemind - All In Vain.mp3
0.9989196062088013,0.9338527571041948,0.2520108222961426,2983.3283759418127,2723.8772787350204,0.06614724289580515,97.50884433962264,0.47726986603779364,hiphop,Pumpupthemind - Asian New Year.mp3
0.9989214539527893,0.9190452081390731,0.24777406454086304,3443.2852498946163,3652.5171285127885,0.08095479186092693,95.703125,0.514743355749688,hiphop,Pumpupthemind - Authentic Aura.mp3
0.9987562298774719,0.916315778096517,0.24235789477825165,3186.920229365731,3202.598167603299,0.08368422190348307,191.40625,0.5012268481175789,hiphop,Pumpupthemind - Back in The Day.mp3
0.9990865588188171,0.9366183450297475,0.21630874276161194,2955.8224899910747,2762.1488542633583,0.06338165497025247,95.703125,0.48306447994982926,hiphop,Pumpupthemind - Bassline Bounce.mp3
0.9993530511856079,0.9765538526658412,0.18390816450119019,2348.76905657152,1405.1892519498092,0.023446147334158788,161.4990234375,0.37432201854393693,hiphop,Pumpupthemind - Better Than a Lullaby.mp3
0.9994745850563049,0.9732882530479868,0.26207393407821655,2185.0597569853157,1584.6655910592567,0.02671174695201319,172.265625,0.4203663249527943,hiphop,Pumpupthemind - Breakbeat Bonfire.mp3
0.9977019429206848,0.9278395621594719,0.22765691578388214,2998.6313302769004,3029.5895009885357,0.07216043784052809,120.18531976744185,0.502567770041364,hiphop,Pumpupthemind - Bring Me The Energy.mp3
0.9994463920593262,0.9813023932389974,0.35004669427871704,987.6996333753093,747.6048800653363,0.01869760676100267,79.50721153846153,0.4308205700175439,hiphop,Pumpupthemind - Chill Lofi Vlog.mp3
0.9995756149291992,0.9615910593823325,0.28696492314338684,2335.999871525367,2058.05873303504,0.03840894061766751,105.46875,0.46837307322908595,hiphop,Pumpupthemind - Chill Your Body.mp3
0.9983941912651062,0.8953460589335311,0.21740856766700745,4064.9485518021547,3923.70537986604,0.10465394106646889,97.50884433962264,0.49115976395231453,hiphop,Pumpupthemind - Chinese New Year.mp3
0.9991610050201416,0.9304864337651109,0.2942209839820862,2727.331751032887,2651.735124886249,0.06951356623488908,97.50884433962264,0.49297307238630805,hiphop,Pumpupthemind - Christmas Hip Hop New Year Countdown.mp3
0.9961934089660645,0.9447507079654024,0.17920342087745667,1881.0604085872676,1874.2943185903582,0.055249292034597566,90.66611842105263,0.4990991408952473,hiphop,Pumpupthemind - Dynamic Breaks.mp3
0.9985707402229309,0.9363984826384381,0.23806549608707428,3053.706745191951,2787.6513341428663,0.06360151736156193,89.10290948275862,0.4772265791285102,hiphop,Pumpupthemind - East Coast Elevation.mp3
0.9936733841896057,0.9275351931014151,0.23571652173995972,3683.65104105412,3369.1611920736045,0.07246480689858491,95.703125,0.4777046489017008,hiphop,Pumpupthemind - Funky Fresh Beats.mp3
0.9996505975723267,0.9694005958195697,0.2633554935455322,2373.778393906469,1695.7084215660175,0.03059940418043023,166.70866935483872,0.4166885157858533,hiphop,Pumpupthemind - Good Love.mp3
0.9883798360824585,0.9761377415649171,0.16123342514038086,1035.8782044542695,846.2278081579304,0.02386225843508299,79.50721153846153,0.4496175040288098,hiphop,Pumpupthemind - Lazy Dreams.mp3
0.9946315288543701,0.9813901684035239,0.23136074841022491,1849.1925672470652,1078.5721397329783,0.01860983159647615,105.46875,0.36839440573662735,hiphop,Pumpupthemind - New Orleans Jazz Club.mp3
0.9996294975280762,0.9808368652771692,0.25170060992240906,1469.003013275533,933.993083108933,0.01916313472283085,79.50721153846153,0.38867856844442444,hiphop,Pumpupthemind - Once In Paris.mp3
0.9993980526924133,0.9654808415822758,0.21768037974834442,2369.299615908222,1709.5741772042063,0.03451915841772427,178.20581896551724,0.41912897125472676,hiphop,Pumpupthemind - Urban Vibes.mp3
0.9977996945381165,0.8898918743362161,0.25657904148101807,3599.169545665889,3964.7676713024443,0.11010812566378395,95.703125,0.5241671839745091,hiphop,Pumpupthemind - Urban.mp3
0.9994305968284607,0.9682122354108251,0.12028758972883224,2279.25789445947,1640.5256001278183,0.031787764589174844,166.70866935483872,0.4185245440149045,hiphop,Pumpupthemind - Virgin Beach.mp3
0.9994724988937378,0.9811292770086181,0.15062540769577026,1447.3527583711787,861.2361116813624,0.018870722991381976,161.4990234375,0.37305737824539725,hiphop,Pumpupthemind - Waiting.mp3
0.9991508722305298,0.9797246181486379,0.21709224581718445,1453.372404338566,1000.2978352125239,0.02027538185136212,156.60511363636363,0.4076741114926099,hiphop,Pumpupthemind - Warm Sea Breeze.mp3
0.9995118379592896,0.9730011051221487,0.21880172193050385,1691.2890489743145,1251.8452014764084,0.026998894877851343,83.35433467741936,0.42534424002552784,hiphop,Pumpupthemind - Weekend With Family.mp3
0.9990951418876648,0.9832300355961455,0.10426995903253555,843.3064456362565,611.8352622653712,0.01676996440385445,105.46875,0.42046438399954705,hiphop,Pumpupthemind - Whispering Breeze.mp3
0.9992765188217163,0.9438883924358248,0.2045416235923767,2945.5251098061985,2526.8978321718446,0.05611160756417516,82.03125,0.46175119476359944,hiphop,Pumpupthemind - Whispers of Serenity.mp3
0.9995765089988708,0.9724501958788421,0.23153769969940186,1827.0065435871104,1357.700921237536,0.027549804121157935,90.66611842105263,0.4263188804017746,hiphop,Pumpupthemind - Whistlemania.mp3
0.9988493323326111,0.9617047021271665,0.1466575562953949,3236.1441912303117,2500.3267226098387,0.03829529787283344,112.34714673913044,0.4358649698966549,hiphop,Pumpupthemind - Winning Strategies.mp3
0.9994006752967834,0.9830679715727131,0.168202742934227,1292.8368316977737,873.6164041689925,0.016932028427286912,84.72079918032787,0.4032472934576057,hiphop,Pumpupthemind - Winter Spirits.mp3
0.9994710087776184,0.9338698125073556,0.24558934569358826,3110.5610868194253,2923.993279471572,0.06613018749264446,95.703125,0.4845417078882325,hiphop,Pumpupthemind - With My Soul.mp3
0.9989458918571472,0.9798402548119798,0.16094934940338135,1261.7006147912275,872.129771260906,0.020159745188020214,156.60511363636363,0.4087156020239008,hiphop,Pumpupthemind - World of Mirrors.mp3
0.9995500445365906,0.9781930617923539,0.17329072952270508,1550.4260002370743,1114.3403038889824,0.021806938207646072,161.4990234375,0.41817562078347753,hiphop,Sensual Mood (Sexy Romantic LoFi Hip Hop).mp3.mp3
0.9953222274780273,0.9740444725624048,0.10145481675863266,2203.8142084571537,1297.0303613171188,0.02595552743759522,147.65625,0.3704907016281097,hiphop,Sexy Chill (LoFi Hip Hop Background Podcast).mp3.mp3
0.9995744228363037,0.9779854715532672,0.13911189138889313,1301.5804081080564,878.3291728992356,0.022014528446732778,166.70866935483872,0.40292000188854504,hiphop,Soft Rolling (Cool Groovy Lo Fi Hip Hop).mp3.mp3
0.9993593692779541,0.9609029949611205,0.18851682543754578,2717.616711377094,2195.356498641738,0.03909700503887949,109.95678191489361,0.44684886408865115,hiphop,Sound Of Freedom - Background Music.mp3.mp3
0.9995008707046509,0.9445474742621067,0.15434947609901428,2290.582760182725,2397.728691882563,0.05545252573789325,93.96306818181819,0.5114269211604728,hiphop,Sound Of Freedom - Banger Beat.mp3.mp3
0.9995488524436951,0.9506582147570385,0.17194348573684692,2091.465859206968,1937.162128051132,0.04934178524296156,129.19921875,0.48084909644107476,hiphop,Sound Of Freedom - Breakbeat Vibe.mp3.mp3
0.999228835105896,0.9637962454260599,0.1454680860042572,2679.7826177190673,2032.3521037226444,0.03620375457394011,95.703125,0.4313017821930035,hiphop,Sound Of Freedom - Hip Hop Beats.mp3.mp3
0.9997743368148804,0.9740875563284986,0.1976298838853836,2042.21808588546,1324.0093438378615,0.025912443671501393,178.20581896551724,0.3933214172499817,hiphop,Sound Of Freedom - Hip Hop Classic.mp3.mp3
0.9997889399528503,0.9567379592949059,0.16964149475097656,2328.545200803472,2060.1833888968235,0.04326204070509412,78.30255681818181,0.46942601856545574,hiphop,Sound Of Freedom - Hip Hop Vibe Beat.mp3.mp3
0.9989960789680481,0.9425495272854604,0.14140655100345612,2940.485662040506,2580.0002048872966,0.05745047271453967,92.28515625,0.46735020550930934,hiphop,Sound Of Freedom - Hip Hop.mp3.mp3
0.999201774597168,0.9752846470309693,0.20168672502040863,2139.5137284551483,1421.1638410178625,0.024715352969030695,161.4990234375,0.39912736070316834,hiphop,Sound Of Freedom - Lo Fi Autumn Beat.mp3.mp3
0.9996742010116577,0.989169325783988,0.17344002425670624,1613.3398377376086,721.5248157983704,0.010830674216011974,84.72079918032787,0.30902211586296985,hiphop,Sound Of Freedom - Lo Fi Background .mp3.mp3
0.9999811053276062,0.9817084348872513,0.16066423058509827,1078.2065480899898,670.2385627189806,0.018291565112748688,40.061773255813954,0.3833340596122806,hiphop,Sound Of Freedom - Lo-Fi Beat.mp3.mp3
0.9999760389328003,0.9754504927759423,0.10737276822328568,1541.3610376325796,1117.3740869597182,0.024549507224057677,120.18531976744185,0.42026528938673274,hiphop,Sound Of Freedom - Lo-Fi Hip Hop.mp3.mp3
0.9988035559654236,0.9725818729290723,0.14723064005374908,2026.4947094258691,1335.4101740984354,0.027418127070927775,84.72079918032787,0.397218309252491,hiphop,Sound Of Freedom - Lo-Fi Sad Vibe.mp3.mp3
0.9992353916168213,0.9698704013238588,0.14892666041851044,2714.114566134215,1990.3415193976505,0.030129598676141213,89.10290948275862,0.4230757993672621,hiphop,Sound Of Freedom - Melodic R&B Soul .mp3.mp3
0.9974911212921143,0.9267578895585102,0.14317721128463745,2425.0776848282408,2631.41120012864,0.07324211044148979,90.66611842105263,0.5204028446372578,hiphop,Sound Of Freedom - Old School Vibe.mp3.mp3
0.9997640252113342,0.9627669243291835,0.20407533645629883,2485.2952595467937,2000.7451174873058,0.03723307567081646,90.66611842105263,0.445993559773549,hiphop,Sound Of Freedom - Piano & Beat.mp3.mp3
0.9996337890625,0.9744553500791139,0.24599595367908478,1774.6136761474688,1494.6452305138225,0.025544649920886075,151.99908088235293,0.45718166493672946,hiphop,Sound Of Freedom - Piano 808.mp3.mp3
0.9993458390235901,0.9804342553614523,0.209112748503685,1576.6690621991986,1021.188999173161,0.01956574463854761,79.50721153846153,0.39308883497684743,hiphop,Sound Of Freedom - Rainy Day Vibe.mp3.mp3
0.9989064931869507,0.9568521341463415,0.13733841478824615,2753.8101667551236,2288.132077018868,0.04314786585365853,90.66611842105263,0.4538195730803011,hiphop,Sound Of Freedom - Street Vibes Beat.mp3.mp3
0.9912787079811096,0.904911223158793,0.16737483441829681,3781.6816599940694,4090.318865695321,0.09508877684120703,143.5546875,0.5196034796780591,hiphop,Sound Of Freedom - Trap Drop Brass.mp3.mp3
0.9955205917358398,0.9048599359643368,0.13427245616912842,2879.5857724332,3196.2828591519565,0.09514006403566316,178.20581896551724,0.5260618773108667,hiphop,Sound Of Freedom - Undeground Beat.mp3.mp3
0.9979129433631897,0.9767093786801817,0.2005435824394226,2068.3893182078473,1475.4110754446237,0.023290621319818305,123.046875,0.41633582909212147,hiphop,Sound Of Freedom - Undeground Lo-Fi.mp3.mp3
0.9992274045944214,0.9640380467495987,0.19155678153038025,2651.387708336466,2054.1712726874416,0.03596195325040128,92.28515625,0.43654139296409844,hiphop,Sound Of Freedom - Undeground.mp3.mp3
0.9991635084152222,0.950094695998167,0.18157479166984558,2513.0015911386818,2260.1785301274344,0.049905304001833004,103.359375,0.473516287303734,hiphop,SoundForYou - Hip Hop Funk.mp3.mp3
0.9993359446525574,0.9748546934863069,0.21518997848033905,2509.3014677223,1601.938026868674,0.025145306513693122,112.34714673913044,0.3896484329328525,hiphop,SoundForYou - Instrumental Ambient Soulful Hip-Hop for Vlog (Lovely Emotive Chill Instrumental Hip-Hop).mp3 (1).mp3
0.9993359446525574,0.9748546934863069,0.21518997848033905,2509.3014677223,1601.938026868674,0.025145306513693122,112.34714673913044,0.3896484329328525,hiphop,SoundForYou - Instrumental Ambient Soulful Hip-Hop for Vlog (Lovely Emotive Chill Instrumental Hip-Hop).mp3.mp3
0.999422013759613,0.9733486815442628,0.22571052610874176,2521.704327825656,1734.1973661785275,0.026651318455737243,191.40625,0.40748059764026634,hiphop,SoundForYou - Stylish Hip-Hop (Soulful Chill Instrumental LoFi Hip-Hop).mp3.mp3
0.997871994972229,0.9526154384328358,0.21558715403079987,2734.406556926781,2354.32478018147,0.04738456156716418,114.84375,0.46265456432146723,hiphop,SoundForYou - Urban Hip-Hop.mp3.mp3
0.9996771812438965,0.9798635490835971,0.18212275207042694,1537.003974517447,1021.7388406219934,0.020136450916402954,191.40625,0.39931283213666796,hiphop,Summer Vibes (Chill Electronic Lo Fi Hip Hop).mp3.mp3
0.9959167242050171,0.9570500462735192,0.09381796419620514,2623.8401896373757,2245.081449432463,0.04294995372648075,129.19921875,0.4611044529770375,hiphop,SunnyScy - Helter-skelter.mp3
0.9954369068145752,0.9173825496298789,0.10247506201267242,3360.192870944624,3457.2318063648654,0.08261745037012114,172.265625,0.507116978844591,hiphop,SunnyScy - Priceless.mp3
0.9894921183586121,0.9017267603147165,0.24558605253696442,4948.779741790367,5160.185403196973,0.09827323968528344,151.99908088235293,0.5104563453011074,hiphop,Taylor & Lopker - Boycott Disney ABC - Support Jimmy Kimmel and Free Speech.mp3
0.988049328327179,0.8629908811463056,0.1947951763868332,5085.2851946214805,5755.187583727674,0.1370091188536944,139.6748310810811,0.5308982090422449,hiphop,Taylor & Lopker - Epstein Files Release - No Kings Epic Techno.mp3
0.9973573088645935,0.9217079013872949,0.21334566175937653,3917.941760257024,3798.748963994217,0.07829209861270513,143.5546875,0.49227694866189375,hiphop,Taylor & Lopker - You Betrayed Americans.mp3
0.9997584819793701,0.9845468656212485,0.17659828066825867,920.4835460165258,605.3437650988767,0.015453134378751501,95.703125,0.3967315044712562,hiphop,Tender Kiss (Romantic Lo Fi Hip Hop).mp3.mp3
0.9990783929824829,0.9676456652389447,0.20103198289871216,2731.5487270504045,1982.3289787458305,0.03235433476105534,109.95678191489361,0.4205304214591326,hiphop,Tiga Maine - Shine (ft. Mseventy DeeTee).mp3
0.9924682378768921,0.9561536698869892,0.15094685554504395,1894.7347251009485,1565.4135172109616,0.04384633011301076,139.6748310810811,0.4524122688201974,hiphop,"VADE - Spatial Fantasy - 9_1_25, 1.12 AM.mp3"
0.9998029470443726,0.9638505227337646,0.3302498161792755,2836.4423317008086,2120.0923163442308,0.03614947726623544,132.51201923076923,0.42773680937602293,hiphop,VibeDepot - No Copyright Phonk Music.mp3
0.9999837875366211,0.9724358069977427,0.2070755809545517,2095.3816284557397,1672.4221563272874,0.027564193002257337,129.19921875,0.44387188171470127,hiphop,VibeDepot - No Copyright Phonk.mp3
0.9994829893112183,0.9370757497048064,0.21752698719501495,2860.9191251635284,2948.701788946983,0.06292425029519355,132.51201923076923,0.50755493895954,hiphop,VibeDepot - Phonk Beat.mp3
0.9996813535690308,0.9650144552339879,0.28890612721443176,2171.4921427768336,1927.5275965742355,0.03498554476601213,129.19921875,0.4702411109659961,hiphop,VibeDepot - Phonk Mix.mp3
0.9999777674674988,0.966078958760903,0.2484484165906906,2327.9264106140777,1945.984664859789,0.03392104123909697,139.6748310810811,0.4553170690826112,hiphop,VibeDepot - Phonk Music.mp3
0.9999551177024841,0.9724688722378534,0.28540220856666565,2000.4963412693166,1376.2316880852902,0.02753112776214658,143.5546875,0.4075636757576728,hiphop,VibeDepot - Phonk TikTok.mp3
0.9998115301132202,0.966552890700036,0.29351502656936646,3401.246104456954,2412.0673586940816,0.03344710929996398,132.51201923076923,0.4149212619564692,hiphop,VibeDepot - Phonk.mp3
0.9960753321647644,0.9763902593162718,0.28470852971076965,2742.4817969159103,2031.0500005791773,0.02360974068372826,139.6748310810811,0.4254816111667025,hiphop,YuraSoop - Extreme Trap Hip-Hop.mp3
0.9947753548622131,0.9805843048488322,0.23427405953407288,2134.3252017195014,1513.8441832079448,0.019415695151167776,97.50884433962264,0.4149599492412526,hiphop,YuraSoop - New School Trap Beat.mp3
0.9987862706184387,0.9844923994122966,0.2553694546222687,2136.317217114276,1401.563722659336,0.015507600587703436,107.666015625,0.39615909809357874,hiphop,YuraSoop - Urban Trap Hip Hop.mp3.mp3
0.999366044998169,0.9708046905661303,0.15379780530929565,2520.069068237946,1735.915283153281,0.029195309433869703,100.44642857142857,0.40787633116601,rock,Amarent - Our Haven.mp3
0.9999655485153198,0.9526524985290502,0.3185269832611084,3223.4467131929528,2645.03245838116,0.04734750147094984,123.046875,0.4507185559663424,rock,Chris Wolverine Matthew - Wash away my sins.mp3
0.9987247586250305,0.949940165146473,0.1402851641178131,3674.3340888519506,2493.8863631281965,0.05005983485352701,114.84375,0.4043121321844596,rock,DanaMusic - Inspirational and Uplifting.mp3
0.9984411597251892,0.9296143872573919,0.15757714211940765,2673.8076054476287,2717.7394010402136,0.07038561274260807,120.18531976744185,0.5040741362851489,rock,David J. Barrios - Becoming Nature.mp3
0.9984416961669922,0.92050083825977,0.12174433469772339,3507.9778735838445,3419.19183707195,0.07949916174022999,161.4990234375,0.49359146367076134,rock,David J. Barrios - Conectando los puntos.mp3
0.9969357848167419,0.9506105686949017,0.1469423919916153,2801.3698122666765,2304.555310160828,0.0493894313050983,95.703125,0.4513492177131313,rock,David J. Barrios - Pensamiento Holístico.mp3
0.9967676997184753,0.9109805099924585,0.14661602675914764,2620.4762704729665,2919.880865509499,0.08901949000754147,126.04801829268293,0.5270203334039583,rock,David J. Barrios - Sueños Digitales.mp3
0.9948465824127197,0.9323947741846506,0.17688971757888794,3567.803404035365,3325.530335525154,0.06760522581534942,110.29411764705883,0.4824270027661165,rock,Death Lullaby - Ropes of Misery.mp3
0.9895389676094055,0.9167170794472248,0.2648675739765167,3271.181150737265,3289.482934042006,0.08328292055277525,117.45383522727273,0.5013948117191681,rock,Echo Fury - She Lives On (Echo Fury Remix).mp3
0.9996659159660339,0.9243902092086835,0.1159416064620018,3458.9996342420127,3506.201212727828,0.07560979079131652,140.625,0.5033883859572816,rock,Echo Fury - Сахнада Дауыл (Storm on Stage).mp3
0.9944970011711121,0.9770854806336118,0.23388531804084778,1653.4107415072233,1188.321189842801,0.022914519366388195,184.5703125,0.4181679405840706,rock,Gagmesharkoff - Air & Water.mp3
0.9997082352638245,0.9898874105696545,0.3416105806827545,1232.4929249060274,697.3699028921116,0.010112589430345572,129.19921875,0.36135723870406516,rock,Gagmesharkoff - Fuckin’ Gnat Cloud!.mp3
0.9994261860847473,0.970360867955118,0.23827746510505676,1452.9835128862755,1188.9876760684074,0.029639132044881965,178.20581896551724,0.4500380929925287,rock,"Gagmesharkoff - Garage Door Opener, Left Pocket.mp3"
0.9948742985725403,0.9856522891014889,0.2417832762002945,1284.8874286301254,813.9281065648858,0.014347710898511003,147.65625,0.3878035456324446,rock,Gagmesharkoff - No Avail.mp3
0.9995411038398743,0.9120636011445473,0.13644005358219147,4105.441329505093,4088.4451140291217,0.08793639885545268,140.625,0.49896287210037493,rock,"HappyWorldWithMochi - Bon voyage! [Pop_Rock, Dynamic].mp3"
0.9999188184738159,0.949780739154108,0.2148071527481079,2900.7868608917643,2403.1031878606173,0.050219260845891955,160.71428571428572,0.45308314563813573,rock,"HappyWorldWithMochi - Chasing Stars [El.Guitar, Dynamic Ballad].mp3"
0.9999092817306519,0.9439543940594807,0.16021504998207092,3307.2782733123063,2910.3747444411006,0.05604560594051932,144.23076923076923,0.46808252819238355,rock,"HappyWorldWithMochi - Only With You [El.Guitar, Ballad, Instrumental].mp3"
0.9976963400840759,0.940517485325651,0.06267037987709045,3161.8027096359547,2498.074911899097,0.05948251467434901,135.99917763157896,0.44136553446896126,rock,Jon Shuemaker - Be My Lighthouse.mp3
0.9991200566291809,0.9280382352941177,0.10892580449581146,3085.5724910427944,2879.4395408897253,0.07196176470588235,172.265625,0.48272149745758935,rock,Jon Shuemaker - Brilliant White Light Pierces the Fog.mp3
0.9996877312660217,0.9328566448603003,0.07703573256731033,2476.3016922541115,2279.454991331178,0.06714335513969975,86.1328125,0.4793043762561521,rock,Jon Shuemaker - Cerebral Connections Guide The Heart's Desire.mp3
0.999573826789856,0.9549625948436048,0.07793913781642914,1855.9795639246952,1449.3889632578225,0.04503740515639517,107.666015625,0.43849542067697367,rock,Jon Shuemaker - I Can Feel Her Heartbeat Through Her Palms.mp3
0.9996211528778076,0.971975587835649,0.09355495125055313,4020.1748225000247,2092.8075581354674,0.028024412164351017,224.69429347826087,0.34235458692350246,rock,Jon Shuemaker - Mind Like A Locomotive.mp3
0.9996106624603271,0.9577944436498855,0.05730961635708809,2325.7298557453105,1603.1796970776782,0.042205556350114415,139.6748310810811,0.408046984822473,rock,Jon Shuemaker - Moribund.mp3
0.9987958669662476,0.9293413043117194,0.046441078186035156,2702.464821582073,2371.251015308997,0.07065869568828062,107.666015625,0.4673598386413825,rock,Jon Shuemaker - Self Control and Self Preservation.mp3
0.9994648098945618,0.9222204427208137,0.11648840457201004,3288.8680676957365,2994.901203730895,0.07777955727918624,120.18531976744185,0.4766090341465291,rock,Jon Shuemaker - She Held the World Within Her Hands.mp3
0.9997192621231079,0.9456195404893277,0.09202854335308075,1875.0865025639675,1710.8058746057468,0.05438045951067223,120.18531976744185,0.4770934802786703,rock,Jon Shuemaker - The Heat on My Shoulder From A Phantom's Touch.mp3
0.9999575614929199,0.9597924063675127,0.08407659083604813,1588.1190119887458,1170.7042226577198,0.04020759363248724,105.46875,0.4243491237608751,rock,Jon Shuemaker - Those Wounds Won't Heal If You Keep Picking Them.mp3
0.9996084570884705,0.9125449698826552,0.09812314808368683,3302.449557955179,3355.184272859728,0.08745503011734482,129.19921875,0.5039604696831286,rock,Jon Shuemaker - Trapped Inside Peaks and Valleys As the Wolves Close In.mp3
0.9949751496315002,0.9737724462576056,0.24831853806972504,2607.007191937089,2027.6452504717124,0.026227553742394417,126.04801829268293,0.4374967217564157,rock,Joseph Sacco - Big Time.mp3
0.999518632888794,0.9718425909650202,0.17743024230003357,2445.710477436301,1728.2046022583447,0.028157409034979784,120.18531976744185,0.4140488172008347,rock,Joseph Sacco - Chasing Success.mp3
0.9950225353240967,0.9738915498362901,0.17756317555904388,2544.107504132679,1846.187658376713,0.026108450163709912,120.18531976744185,0.4205156121897186,rock,Joseph Sacco - Digital Drive.mp3
0.9990500211715698,0.9473099242112266,0.09936023503541946,2713.2841495000425,2166.3036671708787,0.05269007578877344,71.77734375,0.4439521836917935,rock,legacyAlli - Blues Soothes.mp3
0.9999351501464844,0.9619401803583608,0.12204208225011826,3071.657318459847,2347.657004579647,0.038059819641639146,107.666015625,0.43320185252324145,rock,legacyAlli - Where's The Tipping Point_.mp3
0.9999756217002869,0.9763319184385909,0.29507917165756226,2349.497231315561,1661.698824103561,0.023668081561409076,117.45383522727273,0.4142651719664369,rock,Lenny Pixels - Go Go Spectrum Squad.mp3
0.9998782277107239,0.9533377683898019,0.12078356742858887,2872.9367597278283,2253.8297892650717,0.046662231610198106,79.50721153846153,0.43962013235578135,rock,Liberty Beats - Harmony of Unity.mp3
0.9994736313819885,0.9391742262054853,0.0981205478310585,2790.444343984793,2391.2710237263886,0.060825773794514704,143.5546875,0.4614825117885924,rock,Liberty Beats - Parade of Liberty.mp3
0.9981753826141357,0.9465361208083172,0.10935692489147186,3442.527709856014,2856.422999193694,0.053463879191682794,172.265625,0.453476004286935,rock,Liberty Beats - The Anthem of Celebration.mp3
0.9995440244674683,0.966321575179332,0.12485644966363907,2931.2963225710428,2195.144552300052,0.03367842482066801,129.19921875,0.42820050117656894,rock,Liberty Beats - The Anthem of Freedom.mp3
0.9996651411056519,0.9557056901004812,0.14180001616477966,2809.555091059444,2112.672823888443,0.044294309899518824,99.38401442307692,0.42921068669807816,rock,Liberty Beats - The Season of Autumn.mp3
0.9985555410385132,0.9401566484452311,0.0954524576663971,2946.188578111906,2558.309732443277,0.05984335155476897,178.20581896551724,0.4647671027662608,rock,Liberty Beats - The Season of Spring.mp3
0.9997652173042297,0.9652039953205581,0.12940199673175812,2706.759509738097,1865.9316164612878,0.03479600467944192,99.38401442307692,0.40805984147110025,rock,Liberty Beats - The Season of Summer.mp3
0.9995373487472534,0.9667316708151146,0.1462426781654358,2276.2365678737715,1672.3068871342055,0.03326832918488537,178.20581896551724,0.42352500504703244,rock,Liberty Beats - The Season of Winter.mp3
0.9999400973320007,0.9690239224428752,0.1118900254368782,1958.408142862877,1364.9717992333328,0.030976077557124865,89.28571428571429,0.4107179505818598,rock,Lobo Loco - NO Kings - NO Kleptocracy Solidarity (ID 2385).mp3
0.9977061748504639,0.8978540835945352,0.2071208506822586,3817.2729121761804,4013.6842097534823,0.10214591640546473,178.20581896551724,0.5125406954408034,rock,LOPKERJO - MAGA Hat Bigly Blues.mp3
0.9970614314079285,0.920829727809685,0.21922971308231354,3956.7464950972158,3686.8113660268514,0.07917027219031501,107.666015625,0.48234231133331457,rock,LOPKERJO - MAGA Hat Surfing.mp3
0.9951552748680115,0.9192028353754981,0.20010970532894135,4392.504993852088,4015.1870044545535,0.08079716462450194,156.60511363636363,0.47756114338937183,rock,LOPKERJO - Nashville Country March Across the USA.mp3
0.9994977116584778,0.9191708372320764,0.2274363487958908,3795.44845808601,3852.3507181848436,0.08082916276792357,127.8409090909091,0.5037201721554055,rock,LOPKERJO - No Kings Epstein Dope.mp3
0.9921585321426392,0.885763587110647,0.23939217627048492,4545.617404008775,4812.506882909932,0.11423641288935302,139.6748310810811,0.514259774164664,rock,LOPKERJO - No Kings Epstein Skibidi.mp3
0.9969232678413391,0.9174610414312631,0.20628492534160614,4050.2124071988,4100.760005752493,0.08253895856873691,152.02702702702703,0.5031007096446048,rock,LOPKERJO - No Kings Royal Slaps.mp3
0.9997591972351074,0.9238471758113855,0.22572433948516846,3706.3421545920437,3678.584371514448,0.07615282418861452,130.8139534883721,0.49812064588755817,rock,LOPKERJO - No Kings Royal Texas Blues.mp3
0.9978241324424744,0.9252184884741448,0.16578233242034912,3531.964850956372,3522.826180710992,0.07478151152585519,161.4990234375,0.4993523074458858,rock,LOPKERJO - Soldiers in the Streets.mp3
0.9956444501876831,0.9360569549096107,0.21787479519844055,3678.5511210855575,3428.672223977,0.06394304509038926,139.6748310810811,0.4824207791185434,rock,LOPKERJO - Thirteen Colonies - No Kings.mp3
0.9845302700996399,0.9442747241960027,0.1439502090215683,3586.973416864344,2951.317500932303,0.0557252758039973,120.18531976744185,0.45138974964354817,rock,Maarten Schellekens - Always.mp3
0.9999306797981262,0.9764126174313084,0.11148025095462799,1267.1505591520554,901.698803973341,0.023587382568691632,161.4990234375,0.4157498528428033,rock,manylegs - Bad News Pamphlet (outtake).mp3
0.9995655417442322,0.9686162082020309,0.11683410406112671,1878.0799718774633,1403.574785569585,0.031383791797969185,166.70866935483872,0.42770336579640317,rock,manylegs - Better Pills (outtake).mp3
0.9982131719589233,0.9545715181920191,0.10123299807310104,2989.340584373255,2324.637643633682,0.045428481807980814,114.84375,0.4374571259897887,rock,manylegs - Bounty at Corpo Plaza (instrumental).mp3
0.9995819926261902,0.9673551585701395,0.1200241819024086,2503.8258848308424,1840.6923188280552,0.03264484142986049,74.89809782608695,0.4236815757508315,rock,manylegs - Filk Skuzzit (instrumental).mp3
0.999112069606781,0.9603534909497353,0.09032639861106873,2462.6115790820886,1873.3215623723972,0.03964650905026462,139.6748310810811,0.4320457675027588,rock,manylegs - Goodly King (instrumental).mp3
0.9379687905311584,0.9396132658120454,0.11631588637828827,3507.758076261977,2807.165260741869,0.060386734187954635,112.34714673913044,0.4445287948070668,rock,manylegs - Grooved Tongue (instrumental).mp3
0.9531463980674744,0.9645586303159296,0.0951899066567421,2235.165353061253,1605.1916895694367,0.03544136968407037,95.703125,0.417979805349526,rock,manylegs - Jazz Lounge at the End of the Universe (instrumental).mp3
0.9999676942825317,0.9735562193627451,0.1017397940158844,1817.338452748242,1217.7990351089666,0.0264437806372549,107.666015625,0.40123356506248187,rock,manylegs - Jazz Lounge Intro (outtake).mp3
0.9995788335800171,0.970351734133713,0.06600164622068405,2282.2433092944375,1510.0250366313824,0.029648265866287007,120.18531976744185,0.39818517533324754,rock,manylegs - Kojima District (outtake).mp3
0.9933697581291199,0.974858984662105,0.08328169584274292,2665.3497968162387,1604.1728936874254,0.025141015337895055,72.78829225352112,0.3757265178329474,rock,manylegs - Kwaidan (instrumental).mp3
0.9995713829994202,0.9637092314843823,0.13952139019966125,2421.731583849186,1762.0026924980116,0.03629076851561775,70.79409246575342,0.42115549786188955,rock,manylegs - Last Song from 2022 (outtake).mp3
0.9996296167373657,0.9680896335561271,0.1221911758184433,2187.7318437751674,1506.6279384732502,0.031910366443872934,86.1328125,0.40781841154314585,rock,manylegs - One Thousand Miles through the Mohaine (instrumental).mp3
0.9991263151168823,0.9556359875403426,0.12353022396564484,2819.3105011917405,2207.640790896478,0.0443640124596574,99.38401442307692,0.43916096699243184,rock,manylegs - Spiderwebs on Springbok (outtake).mp3
0.9993738532066345,0.9680272519308261,0.1264125108718872,1744.1492706140793,1271.8926887852238,0.03197274806917394,120.18531976744185,0.4217092154171602,rock,manylegs - Sun Consumed by the Event Horizon (instrumental).mp3
0.9854604005813599,0.9483731261445041,0.08365876227617264,2839.149847597578,2255.0859933509832,0.05162687385549592,139.6748310810811,0.4426740463763856,rock,manylegs - Supple Singulation (instrumental).mp3
0.9768635630607605,0.9669117284607862,0.0832362100481987,2946.2657767598516,1905.1064199393197,0.03308827153921383,120.18531976744185,0.3926943434360369,rock,manylegs - Surrogates (instrumental).mp3
0.9995872378349304,0.96656877334358,0.07394200563430786,2109.7795597299028,1541.0663329532908,0.03343122665641991,99.38401442307692,0.4221121290328062,rock,manylegs - The Slunker (instrumental).mp3
0.9947619438171387,0.9611207782796278,0.158128559589386,3648.8226793583035,2617.3639045639557,0.038879221720372115,139.6748310810811,0.4176964520753139,rock,manylegs - Tilting at Windmills (outtake).mp3
0.9990232586860657,0.9529650487034,0.16236957907676697,2850.411207866992,2317.16782868517,0.04703495129659993,99.38401442307692,0.4484049129866415,rock,manylegs - Waltz Jam (outtake).mp3
0.9973692893981934,0.9423441663478789,0.12960270047187805,3724.1765597856865,2949.0238146120146,0.057655833652121145,135.99917763157896,0.4419204652514667,rock,manylegs - Where Do My Feet Go_ (outtake).mp3
0.9992659687995911,0.958904629125443,0.09809975326061249,1920.6494014536136,1340.2033258924976,0.041095370874557,87.5926906779661,0.41099780871497443,rock,manylegs - With All Prodding Digits (instrumental).mp3
0.9998105764389038,0.9741962931830169,0.17968860268592834,2336.8833787495364,1756.9366763811847,0.025803706816983123,139.6748310810811,0.4291680269996419,rock,Mr Smith - Black Feather.mp3
0.9993200302124023,0.9134889993862624,0.11047676205635071,4095.077167005758,3718.842342573722,0.0865110006137376,132.51201923076923,0.4759253454733798,rock,Mr Smith - Candi 2.mp3
0.9998311400413513,0.960419987627159,0.14296329021453857,1894.831453120621,1580.701508811762,0.03958001237284104,172.265625,0.45480837778563027,rock,Mr Smith - Darkness My Love.mp3
0.9998147487640381,0.9697310328835647,0.1534380167722702,2945.5118569440424,2134.929468596978,0.03026896711643532,105.46875,0.4202251992250698,rock,Mr Smith - Entourage.mp3
0.9997076392173767,0.9482682837599767,0.13526445627212524,3384.637631220468,2743.9686640602317,0.051731716240023234,93.96306818181819,0.44773126733976676,rock,Mr Smith - Harmonics and the Night.mp3
0.9999440312385559,0.9725599874502158,0.13637667894363403,2181.5409297271294,1578.8302530476826,0.027440012549784266,139.6748310810811,0.4198602148266622,rock,Mr Smith - Hip Shot.mp3
0.9990277290344238,0.9503896559162981,0.1090388223528862,4311.170885509312,3214.050288520266,0.049610344083701866,114.84375,0.4271037639644702,rock,Mr Smith - K2.mp3
0.9999474287033081,0.9800758860603618,0.16906897723674774,1606.9493345211063,1112.7481476450748,0.019924113939638187,114.84375,0.4091440884629752,rock,Mr Smith - Perchance to Dream.mp3
0.999735414981842,0.9454803803095572,0.12630990147590637,3134.4802656444463,2720.861545806862,0.0545196196904428,90.66611842105263,0.46468022413669946,rock,Mr Smith - Rain Drops.mp3
0.9996834993362427,0.9461821442164421,0.1523173749446869,3340.784490458726,2851.6752756788974,0.05381785578355792,135.99917763157896,0.460507679163662,rock,Mr Smith - Spiro.mp3
0.999829113483429,0.9536415621867342,0.14219841361045837,3252.6828162148554,2500.5973774325653,0.04635843781326576,90.66611842105263,0.4346385527614321,rock,Mr Smith - Take That Ride.mp3
0.9999151229858398,0.9697343141678636,0.1608191430568695,2067.0063836006443,1514.0945571126647,0.030265685832136378,107.666015625,0.4228014182667175,rock,Mr Smith - The Pass.mp3
0.9997951984405518,0.9588006619711797,0.1343313455581665,3111.3371782783647,2429.0882459671075,0.04119933802882029,95.703125,0.4384299145871971,rock,Mr Smith - Witchitaw.mp3
0.9995124340057373,0.9488935388915318,0.12511268258094788,2604.8422287993135,2189.566585511489,0.05110646110846812,112.34714673913044,0.4566916735425592,rock,"Old Coffins - After This, Therefore Because of This.mp3"
0.9999582767486572,0.944039070045879,0.17236195504665375,2850.2197975646177,2430.2366069790946,0.05596092995412106,132.51201923076923,0.46023230197065895,rock,Old Coffins - Chlamydia.mp3
0.9968788027763367,0.839992240093522,0.20278894901275635,3242.1685031413763,4395.916451907421,0.160007759906478,166.70866935483872,0.5755259960058681,rock,Old Coffins - Of or Relating to Twilight (demo).mp3
0.9999692440032959,0.9436251087255082,0.1262001395225525,1956.6793664755514,1946.8008793316744,0.05637489127449185,79.50721153846153,0.4987346563170191,rock,Old Coffins - Two Congruent Golden Rhombus Faces.mp3
0.9999365210533142,0.9792077168602508,0.15084034204483032,2308.2624383770712,1182.8628189333776,0.020792283139749262,117.45383522727273,0.33881993094279045,rock,Oneosune - Ancient Ruins.mp3.mp3
0.999888002872467,0.9819213124597859,0.04796065017580986,2651.5568135083054,1124.863823076956,0.018078687540214085,172.265625,0.29786507675591517,rock,Oneosune - Beyond Silence.mp3.mp3
0.9998526573181152,0.9722291965271933,0.16783595085144043,1412.8091689706418,990.6822875552189,0.027770803472806648,151.99908088235293,0.4121846509806285,rock,Oneosune - Dark Current.mp3.mp3
0.9999586343765259,0.9699179644199459,0.17205104231834412,1717.6812588996365,1229.6201710737596,0.03008203558005404,120.18531976744185,0.4172020405349774,rock,Oneosune - Dark Horizon.mp3.mp3
0.9997997283935547,0.9700183130330321,0.16849970817565918,2555.825443157458,1513.3051840048677,0.029981686966967923,139.6748310810811,0.3718988949460924,rock,Oneosune - Dark Space.mp3.mp3
0.9999874830245972,0.9739009057766468,0.11528124660253525,1257.3128376677632,876.7770224325742,0.026099094223353252,147.65625,0.4108435349486679,rock,Oneosune - Dark Street.mp3.mp3
0.9999582767486572,0.9830221903309607,0.16595712304115295,1422.1005234267977,805.5001498833877,0.016977809669039282,126.04801829268293,0.3615998859996865,rock,Oneosune - Digital Phantom.mp3.mp3
0.9996811151504517,0.9746650224375394,0.17376840114593506,1559.7379334958473,1014.5429548735009,0.025334977562460594,109.95678191489361,0.39410732490891676,rock,Oneosune - Iron Pulse.mp3.mp3
0.9999099373817444,0.9553874820402299,0.14244721829891205,1929.3490481108227,1728.7397115451427,0.044612517959770115,132.51201923076923,0.47258003418023864,rock,Oneosune - Iron Shadows.mp3.mp3
0.9999353885650635,0.9816588628221811,0.1500062346458435,1676.7965299384807,985.3379534078491,0.01834113717781889,129.19921875,0.3701307951201393,rock,Oneosune - Shadow Circuit.mp3.mp3
0.9998128414154053,0.9726319460647068,0.15149374306201935,1817.2196562072158,1156.4606410682,0.027368053935293204,117.45383522727273,0.3888987803224471,rock,Oneosune - Shadow Frequency.mp3.mp3
0.9998353123664856,0.9781359548777805,0.11545708030462265,1796.1687072088089,1104.9935847141944,0.021864045122219556,151.99908088235293,0.380879617596602,rock,Oneosune - Silent Signal.mp3.mp3
0.9999542236328125,0.9718910148413992,0.15221761167049408,1768.263014035264,1257.0187133668633,0.028108985158600802,107.666015625,0.41550467897440646,rock,Oneosune - Silent Voltage.mp3.mp3
0.9990888237953186,0.9703211954982491,0.13942182064056396,2220.7727184444043,1457.6853525910672,0.029678804501750825,90.66611842105263,0.3962761907421874,rock,Reverend Blackdog - Unknown Presence (5_31_2025).mp3
0.9978352189064026,0.9081738628875096,0.2691119909286499,3336.057941929316,3217.317407938312,0.09182613711249042,82.03125,0.4909405055689902,rock,Sean Ferree - Another Day Another Dollar.mp3
0.9979500770568848,0.9187438200395518,0.2769487500190735,3141.656028145755,2989.1105742635846,0.08125617996044825,86.1328125,0.4875590228147537,rock,Sean Ferree - Down the Line.mp3
0.998135507106781,0.9365992391039846,0.27189189195632935,3505.03217547073,2964.8761356155774,0.06340076089601542,147.65625,0.45825628318054384,rock,Sean Ferree - Static.mp3
0.9970076084136963,0.9005754282223933,0.26438212394714355,3298.1424664859014,3354.7566232560107,0.09942457177760662,86.1328125,0.5042548485252762,rock,Sean Ferree - When is it Enough_.mp3
0.9920892119407654,0.9552829045742257,0.19340255856513977,2928.8109288263554,2283.9786323133217,0.04471709542577425,147.65625,0.43814901888650654,rock,Sleeping Boats - Be Nice To Jerry.mp3
0.9895415306091309,0.9295600870451866,0.18268808722496033,3578.6670731986524,3221.307384615221,0.07043991295481349,139.6748310810811,0.4737234535403118,rock,Sleeping Boats - Last Night Was a Movie.mp3
0.9820019602775574,0.8484643353434924,0.1388295292854309,4380.429588489902,5101.078055601153,0.1515356646565076,105.46875,0.5380028415884027,rock,Sleeping Boats - Mouth is a Gun.mp3
0.9825568199157715,0.8862245701667703,0.1687951385974884,4382.449734089535,4724.287844662927,0.1137754298332297,120.18531976744185,0.5187684177006165,rock,Sleeping Boats - My Name Is Temporary.mp3
0.9951157569885254,0.8951051393484086,0.22241148352622986,4148.576007137376,4370.682101139687,0.10489486065159138,109.95678191489361,0.5130355302159731,rock,Sleeping Boats - No Body Left Behind.mp3
0.9963524341583252,0.904971758814712,0.18262328207492828,3880.851084638631,3931.287699100948,0.095028241185288,147.65625,0.5032280925142318,rock,Sleeping Boats - Origin Damage.mp3
0.9960556030273438,0.9177881298512564,0.1616409718990326,3594.9968347601393,3416.696316745606,0.08221187014874362,120.18531976744185,0.4872854876036029,rock,Sleeping Boats - Person A Says Thing B.mp3
0.9919361472129822,0.9317386769127339,0.13623696565628052,2946.9519303365096,2688.4004099717636,0.06826132308726604,156.60511363636363,0.47705986194780486,rock,Sleeping Boats - Please Submit Your Brand New Synonyms.mp3
0.9916465282440186,0.9159690516813888,0.15904177725315094,3225.5191325451815,3242.0576578957357,0.08403094831861123,147.65625,0.5012785719353531,rock,Sleeping Boats - Subparts.mp3
0.9829568266868591,0.8897788250444076,0.18984684348106384,4341.822875077364,4477.103489487517,0.11022117495559242,178.20581896551724,0.5076699026504167,rock,Sleeping Boats - This is Awkward.mp3
0.9974327087402344,0.9376296319308973,0.1911769062280655,3517.929226604208,3150.843149991356,0.06237036806910264,126.04801829268293,0.4724772374263278,rock,Sleeping Boats - Time is a Fragile Monster.mp3
0.9983198046684265,0.9232779945041295,0.17625050246715546,3387.9891417319513,3121.5126355260763,0.07672200549587051,120.18531976744185,0.4795317279045904,rock,Sleeping Boats - Validation By Algorithm.mp3
0.987293004989624,0.9215404159930225,0.19955259561538696,3381.1569251468463,3522.784651134323,0.07845958400697754,84.72079918032787,0.5102570193709005,rock,Sound Of Freedom - High Energy Rock.mp3.mp3
0.9974589943885803,0.9532103085036924,0.19538968801498413,3090.7724321280302,2515.6955682328257,0.046789691496307635,117.45383522727273,0.4487130877447605,rock,SoundForYou - American Indie Pop Rock (Slow Instrumental Indie Rock).mp3.mp3
0.9987233281135559,0.9395430913262286,0.16316641867160797,3080.3072786285106,2680.639320315657,0.06045690867377146,103.359375,0.4653123013397896,rock,SoundForYou - Blues Rock Trailer (Instrumental Stoner Blues-Rock Trailer).mp3.mp3
0.9971730709075928,0.9641792772411852,0.19829250872135162,2855.719770853717,2173.333236974098,0.035820722758814705,129.19921875,0.4321555635144645,rock,SoundForYou - Corporate Background Rock.mp3.mp3
0.9914402961730957,0.9190648259521432,0.18688228726387024,3129.945762957569,3254.129856586817,0.08093517404785683,109.95678191489361,0.5097260825223948,rock,"SoundForYou - Energetic Indie Pop Rock (Carefree, Fun).mp3.mp3"
0.9966281652450562,0.9453080260929803,0.23499105870723724,3191.462584572401,2736.123729450886,0.05469197390701971,107.666015625,0.46159154570491256,rock,SoundForYou - Energetic Uplifting Hopeful Pop Rock.mp3.mp3
0.9958460927009583,0.9447718542687822,0.21959739923477173,2706.9748609188173,2406.067664974391,0.05522814573121778,97.50884433962264,0.47057454584410974,rock,SoundForYou - Happy Rock.mp3.mp3
0.9952993988990784,0.9128527321879374,0.16886946558952332,2993.996378585002,3267.206874759857,0.08714726781206258,120.18531976744185,0.5218177308798645,rock,SoundForYou - Indie Pop Rock Funky Guitar.mp3.mp3
0.9973306059837341,0.9488791590467738,0.22751006484031677,3175.8038713960505,2792.7519316315806,0.05112084095322627,129.19921875,0.4679108352722459,rock,SoundForYou - Indie Rock Uplifting.mp3.mp3
0.9949497580528259,0.9540960815278637,0.1784369945526123,2751.027600529307,2228.881808809081,0.04590391847213629,126.04801829268293,0.4475747699710921,rock,SoundForYou - Inspiring Corporate Rock.mp3.mp3
0.998106062412262,0.9606700756134146,0.19585351645946503,2983.439879612758,2298.6736125521893,0.039329924386585474,107.666015625,0.435180655532425,rock,SoundForYou - Instrumental Easygoing Emotive Pop Rock.mp3.mp3
0.994030773639679,0.9454569523239595,0.180972158908844,3280.7456718205676,2738.9278161962216,0.05454304767604041,191.40625,0.4549960759821175,rock,SoundForYou - Motivational Inspiring Rock Trailer.mp3.mp3
0.9991063475608826,0.9693613379603876,0.21555647253990173,2596.466909635463,1874.7228777627022,0.030638662039612366,107.666015625,0.4192894881418877,rock,SoundForYou - Powerful Easygoing Indie Rock Trailer.mp3.mp3
0.9989786744117737,0.940954715689433,0.20023296773433685,2665.075706092316,2356.988977683788,0.05904528431056701,89.10290948275862,0.4693266864580157,rock,SoundForYou - Ring of Western (Powerful Blues Rock).mp3.mp3
0.9952605366706848,0.9283915194574947,0.24289408326148987,3290.888662605436,3014.3322494210256,0.07160848054250535,89.10290948275862,0.4780692526083384,rock,SoundForYou - Summer Rock (Upbeat Sunny Pop Rock).mp3.mp3
0.9969657063484192,0.9315048203280157,0.2499815821647644,2675.974828633911,2636.967272590687,0.06849517967198429,114.84375,0.49632900601091706,rock,SoundForYou - Tickets to Texas (Motivational Texas Blues Rock).mp3.mp3
0.9975824356079102,0.9520099307712844,0.2109571248292923,2900.209038160779,2458.882471695651,0.04799006922871566,107.666015625,0.4588244979050003,rock,SoundForYou - Travel Rock.mp3.mp3
0.9933875799179077,0.9280443243128996,0.15001294016838074,3286.244856052066,3151.9977700602717,0.07195567568710035,105.46875,0.4895742444975231,rock,SoundForYou - Uplifting Summer Pop Rock.mp3.mp3
0.984526515007019,0.9012259710732095,0.22406044602394104,4001.904810669814,3935.4796523045707,0.09877402892679057,84.72079918032787,0.4958156770869088,rock,SoundForYou - Uplifting Upbeat Energetic Rock.mp3.mp3
0.9996907711029053,0.9517203562389838,0.13786786794662476,3024.78653744875,2435.830531937753,0.04827964376101628,82.72058823529412,0.4460723944822127,rock,suKina - This is the day.mp3
0.9939887523651123,0.9258792283240757,0.18280115723609924,4219.796294581016,3861.5736294066746,0.07412077167592432,143.5546875,0.47783651351816525,rock,Taylor & Lopker - Argentina First - America Last.mp3
0.988049328327179,0.8629908811463056,0.1947951763868332,5085.2851946214805,5755.187583727674,0.1370091188536944,139.6748310810811,0.5308982090422449,rock,Taylor & Lopker - Epstein Files Release - No Kings Epic Techno.mp3
0.9936596751213074,0.9268480566586774,0.20268967747688293,4487.833061455213,4085.34812037731,0.07315194334132263,147.65625,0.47652651136757357,rock,Taylor & Lopker - Nobel Piece Prize.mp3
0.9973573088645935,0.9217079013872949,0.21334566175937653,3917.941760257024,3798.748963994217,0.07829209861270513,143.5546875,0.49227694866189375,rock,Taylor & Lopker - You Betrayed Americans.mp3
0.9957094788551331,0.9304689081221664,0.20730207860469818,3181.7510647781573,2917.0521193332743,0.06953109187783355,114.84375,0.4782991073485472,rock,The Spectacular Fantstic - As long as.mp3
0.9880157113075256,0.9509396560888291,0.22116732597351074,3248.1392421941655,2680.9946632927085,0.04906034391117085,117.45383522727273,0.45217306702409243,rock,The Spectacular Fantstic - Do it all for you.mp3
0.9940109848976135,0.9474079515495977,0.25922393798828125,2745.939256273149,2404.4617657969907,0.05259204845040236,107.666015625,0.4668494268750547,rock,The Spectacular Fantstic - Glitter girls.mp3
0.987424373626709,0.9122346159699676,0.2832786738872528,4542.155998053467,4289.993904424778,0.08776538403003246,135.99917763157896,0.4857247613896712,rock,The Spectacular Fantstic - Honey Money.mp3
0.9793582558631897,0.951168656425844,0.19656944274902344,3365.048164712721,2766.4851644617697,0.04883134357415595,101.33272058823529,0.45118977839480184,rock,The Spectacular Fantstic - I'm lost.mp3
0.99959796667099,0.9418968906790085,0.16029690206050873,2372.327566380027,2174.197512117415,0.05810310932099146,139.6748310810811,0.4782108256527519,rock,the Taft - Alexis Never.mp3
0.9997989535331726,0.956637427483854,0.09781952947378159,1933.249419498672,1738.628130450053,0.04336257251614599,89.10290948275862,0.47349839593666004,rock,"the Taft - Chalet, Part I.mp3"
0.9988802075386047,0.9473438896423079,0.04461265727877617,2862.286205576032,2340.03526237763,0.052656110357692146,109.95678191489361,0.4498059714960827,rock,the Taft - Cynthias Nocturne.mp3
0.9999632239341736,0.963880823552721,0.05803116038441658,1392.4598722394844,1206.974617499127,0.03611917644727904,156.60511363636363,0.46432199841903826,rock,the Taft - I Bet You Take Pictures of the Sky.mp3
0.996180534362793,0.9306307646319034,0.10842429101467133,3928.6298164091813,3389.6531930802803,0.06936923536809661,151.99908088235293,0.46317601932335944,rock,the Taft - I usb I was hildi d you.mp3
0.9997426867485046,0.9428612332018812,0.08004825562238693,1884.5885793815455,1732.7197762846163,0.05713876679811882,161.4990234375,0.4790080373135653,rock,the Taft - Kill Willow.mp3
0.9963847398757935,0.9563269337229048,0.2166975885629654,2043.1145273263946,1749.966120394996,0.04367306627709526,114.84375,0.46135747759143797,rock,the Taft - Long Hair Glasses and a Beard.mp3
0.9995005130767822,0.9417374331962574,0.12386496365070343,2114.600588447826,2006.414544808528,0.05826256680374267,143.5546875,0.4868738598240042,rock,the Taft - Poets.mp3
0.9983274340629578,0.9187936405728918,0.12248808145523071,2892.6118538674036,2945.75586501928,0.08120635942710815,129.19921875,0.5045512729500453,rock,the Taft - Soap.mp3
0.9841076135635376,0.9145226692305835,0.11871637403964996,3793.368106228739,3775.353167748028,0.08547733076941653,95.703125,0.4988099086472988,rock,Universfield - Powerful Slide Guitar Indie Rock.mp3
0.9995294213294983,0.9755702894267626,0.2357700765132904,2196.2818230138714,1578.8915386382882,0.024429710573237402,117.45383522727273,0.41823020745438694,rock,VADE - Chinatown.mp3
0.9974286556243896,0.926621891240993,0.27708208560943604,3955.844252165678,3739.886342391816,0.07337810875900695,126.04801829268293,0.48596897928713045,rock,Vlad Annenkov - California Summer Rock _Salt Breeze_.mp3.mp3
0.9943671822547913,0.9166883124060483,0.245380699634552,3569.981001300418,3519.1684293345493,0.08331168759395172,97.50884433962264,0.49641617281058287,rock,Vlad Annenkov - California Sunny Commercial Punk _Beachside Rebels_.mp3.mp3
0.9969124794006348,0.9308979253989084,0.2310706526041031,3552.832051267324,3228.1690436107897,0.0691020746010916,135.99917763157896,0.4760608349662498,rock,Vlad Annenkov - Country Blues Rock Ballad _Whiskey Moonlight_.mp3
0.9947437644004822,0.9071022587626252,0.2773487865924835,3258.2253452290074,3355.871455884302,0.09289774123737478,86.1328125,0.5073816662030176,rock,Vlad Annenkov - Dirty Powerful Rock _Vulture County_.mp3.mp3
0.9947953224182129,0.9158195152703642,0.2688194513320923,3998.546153977377,3848.9529762818393,0.08418048472963578,92.28515625,0.49046873556827436,rock,Vlad Annenkov - Energetic & Upbeat Indie Rock _Up & Away_.mp3.mp3
0.9955641031265259,0.9302634323031334,0.23096071183681488,3654.4513329191445,3290.136497350507,0.06973656769686665,172.265625,0.4737698733589182,rock,Vlad Annenkov - Energetic Indie Rock _Lemonade Skies_.mp3.mp3
0.9955726265907288,0.9197113622545231,0.2782716155052185,3722.8297160221946,3710.6117906332047,0.08028863774547686,126.04801829268293,0.49917817834603206,rock,Vlad Annenkov - Energetic Pop Rock _Neon Pulse_.mp3.mp3
0.996090292930603,0.9360514895241637,0.2949374318122864,3389.4029611319247,3096.851901894923,0.06394851047583626,126.04801829268293,0.4774483838231899,rock,Vlad Annenkov - Good Mood of a Sunny Day _Lazy Morning Sun_.mp3.mp3
0.9950064420700073,0.9047533254268907,0.2601655125617981,3665.5834235982625,3759.2601775820644,0.09524667457310933,84.72079918032787,0.5063083317308053,rock,Vlad Annenkov - Happy and Positive Mood _Joyful Journey_.mp3.mp3
0.9997414350509644,0.9507231376540493,0.22841982543468475,2968.3586946301243,2534.3905951516945,0.0492768623459507,99.38401442307692,0.4605680653845695,rock,Vlad Annenkov - Light Airy Corporate Rock  _Flowing Light_.mp3.mp3
0.9964742660522461,0.9312633167613636,0.2419978231191635,3187.697706952995,3042.9401020636647,0.06873668323863637,135.99917763157896,0.48838340389031987,rock,Vlad Annenkov - Motivational Positive Rock _Hidden Orchard_.mp3.mp3
0.9970555901527405,0.9556784567275186,0.20704227685928345,2678.6315249861527,2229.5881565615314,0.0443215432724814,139.6748310810811,0.4542559829767503,rock,Vlad Annenkov - Motivational Uplifting Rock _Island Sunrise_.mp3.mp3
0.9949027299880981,0.9308452620344814,0.21924321353435516,3232.7914236084935,3074.9395956508265,0.06915473796551866,109.95678191489361,0.4874874318157611,rock,Vlad Annenkov - Positive Background Indie _Brightcap_.mp3.mp3
0.9921000599861145,0.9227946462806749,0.20549750328063965,3696.419727555516,3423.8652817563084,0.07720535371932516,90.66611842105263,0.48086070667083647,rock,Vlad Annenkov - Powerful Rock _Whiskey Stone Drive_.mp3.mp3
0.9953150153160095,0.9248057237375944,0.2218516319990158,3570.956767045464,3358.5033329832954,0.07519427626240559,139.6748310810811,0.48467027503119414,rock,Vlad Annenkov - Romantic Motivational Light Background _Crimson Veil_.mp3.mp3
0.9973769187927246,0.977691867101262,0.28626754879951477,3104.58601381747,2092.628386119897,0.02230813289873796,120.18531976744185,0.4026442291359909,rock,Vlad Annenkov - Soft Background Rock _Creeping Intrigue_.mp3
0.994003176689148,0.9107197836855845,0.2847536504268646,3934.492889088518,3891.171763568639,0.08928021631441546,95.703125,0.4972321120034428,rock,Vlad Annenkov - Upbeat & Uplifting Indie Rock _Windcrest_.mp3.mp3
0.9941813349723816,0.904911248396968,0.2423141598701477,3737.202578855976,3855.373741148,0.09508875160303194,84.72079918032787,0.5077820199821447,rock,Vlad Annenkov - Upbeat Positive Happy Indie _Flashway_.mp3.mp3
0.9952411651611328,0.9224330032439194,0.2035757154226303,3769.983888188813,3655.494481374923,0.07756699675608053,110.29411764705883,0.49229077225059653,rock,XTaKeRuX - Impale the Sky.mp3
0.9997559189796448,0.9410369556092929,0.21329037845134735,2221.747675503207,2156.813681725225,0.05896304439070714,161.4990234375,0.49258500801228294,rock,Сукины Сыны _ Sukiny Syny - 01. Escape.mp3.mp3
0.9996865391731262,0.9479716473645536,0.23972265422344208,2267.9162818675463,2083.7868679371263,0.05202835263544631,126.04801829268293,0.478843982625932,rock,Сукины Сыны _ Sukiny Syny - 02. Fuck like an animal.mp3.mp3
0.9980533123016357,0.9297226878502115,0.21776136755943298,3054.578908862154,2884.691694933544,0.07027731214978848,126.04801829268293,0.48569797318281527,rock,Сукины Сыны _ Sukiny Syny - 03. Sexy lady.mp3.mp3
0.9996580481529236,0.9423047162070751,0.2523171901702881,2372.74474772465,2268.923136472881,0.057695283792924906,123.046875,0.4888163463199445,rock,Сукины Сыны _ Sukiny Syny - 04. How can i love her_.mp3.mp3
0.9996026158332825,0.9324591959526206,0.26576390862464905,2309.9510382539906,2354.1486724838674,0.0675408040473794,166.70866935483872,0.5047380669326866,rock,Сукины Сыны _ Sukiny Syny - 05. I'm in love with you tonight.mp3.mp3
0.9996834993362427,0.9437728456561357,0.20423536002635956,2180.2591075593423,2120.422097521214,0.056227154343864306,132.51201923076923,0.4930433100977668,rock,Сукины Сыны _ Sukiny Syny - 06. 25.mp3.mp3
0.9997513890266418,0.9454288368332195,0.255908727645874,2290.4129785986283,2159.9276114803374,0.054571163166780484,101.33272058823529,0.48533984473234937,rock,Сукины Сыны _ Sukiny Syny - 07. Go.mp3.mp3
0.9996476173400879,0.9327629529460666,0.2457914501428604,2298.736935723646,2340.6694295805814,0.06723704705393342,103.359375,0.504519165766712,rock,Сукины Сыны _ Sukiny Syny - 08. Hey girl.mp3.mp3
0.9997380375862122,0.9385830621039769,0.24897167086601257,2300.064494637723,2284.0731934187193,0.06141693789602305,135.99917763157896,0.49825580040307477,rock,Сукины Сыны _ Sukiny Syny - 09. Lover.mp3.mp3
0.9996193051338196,0.9412846276393044,0.24753938615322113,2467.42298766965,2350.507824170057,0.05871537236069554,143.5546875,0.48786666215836716,rock,Сукины Сыны _ Sukiny Syny - 10. Murder on the dancefloor.mp3.mp3
0.9995812177658081,0.9390193719768537,0.24117565155029297,2362.2718489203994,2280.6064198196145,0.06098062802314635,132.51201923076923,0.49120530139320684,rock,Сукины Сыны _ Sukiny Syny - 11. Straight bar.mp3.mp3
0.999742865562439,0.9441298397157928,0.2417469322681427,2130.3379161477487,2072.840772767233,0.055870160284207236,132.51201923076923,0.4931602783723574,rock,Сукины Сыны _ Sukiny Syny - 12. Wham-bam.mp3.mp3
0.9996107220649719,0.9333190864457304,0.22188591957092285,2371.1966205035287,2420.1828427864,0.06668091355426968,135.99917763157896,0.5051119120962935,rock,Сукины Сыны _ Sukiny Syny - 13. Cocksuckers (Ray Parker Jr. cover) .mp3.mp3
0.998796284198761,0.9415541018093527,0.25533807277679443,3090.0992333899594,2744.6212765156724,0.058445898190647244,109.95678191489361,0.4703946438198233,rock,Сукины Сыны _ Sukiny Syny - 14. Dreaming everytime.mp3.mp3
0.9996664524078369,0.9429655632381554,0.27451521158218384,2350.5368316442778,2226.3808840090987,0.05703443676184462,156.60511363636363,0.48643672922243814,rock,Сукины Сыны _ Sukiny Syny - 15. Girls give me every sin i want (Mick Jagger cover).mp3.mp3
0.9997891187667847,0.9368899715749085,0.2505733370780945,2203.2510400246215,2204.8542014996274,0.06311002842509153,114.84375,0.5001818423547991,rock,Сукины Сыны _ Sukiny Syny - 16. Bliss.mp3.mp3
0.9993605613708496,0.9305078252564274,0.2662908136844635,2529.5211620462005,2499.3585829151107,0.06949217474357261,161.4990234375,0.4970010636906447,rock,Сукины Сыны _ Sukiny Syny - 17. Mister D.mp3.mp3
0.9996041059494019,0.9406229825505239,0.2482631802558899,2458.584950259257,2304.5546662732318,0.05937701744947605,161.4990234375,0.48383101301302817,rock,Сукины Сыны _ Sukiny Syny - 18. Rockstar.mp3.mp3
0.9996626973152161,0.9492233323418019,0.22217343747615814,2304.2958686807,2080.2946564941317,0.05077666765819815,129.19921875,0.4744558571833172,rock,Сукины Сыны _ Sukiny Syny - 19. Fuck like an animal encore.mp3.mp3
